timestamp,human-readable
1685903679,2023-06-04_21:34:39
1685903680,2023-06-04_21:34:40
1685903681,2023-06-04_21:34:41
1685903682,2023-06-04_21:34:42
1685903683,2023-06-04_21:34:43
1685903684,2023-06-04_21:34:44
1685903685,2023-06-04_21:34:45
1685903686,2023-06-04_21:34:46
1685903687,2023-06-04_21:34:47
1685903688,2023-06-04_21:34:48
1685903689,2023-06-04_21:34:49
1685903690,2023-06-04_21:34:50
1685903691,2023-06-04_21:34:51
1685903692,2023-06-04_21:34:52
1685903693,2023-06-04_21:34:53
1685903694,2023-06-04_21:34:54
1685903695,2023-06-04_21:34:55
1685903696,2023-06-04_21:34:56
1685903697,2023-06-04_21:34:57
1685903698,2023-06-04_21:34:58
1685903699,2023-06-04_21:34:59
1685903700,2023-06-04_21:35:00
1685903701,2023-06-04_21:35:01
1685903702,2023-06-04_21:35:02
1685903703,2023-06-04_21:35:03
1685903704,2023-06-04_21:35:04
1685903705,2023-06-04_21:35:05
1685903706,2023-06-04_21:35:06
1685903707,2023-06-04_21:35:07
1685903708,2023-06-04_21:35:08
1685903709,2023-06-04_21:35:09
1685903710,2023-06-04_21:35:10
1685903711,2023-06-04_21:35:11
1685903712,2023-06-04_21:35:12
1685903713,2023-06-04_21:35:13
1685903714,2023-06-04_21:35:14
1685903715,2023-06-04_21:35:15
1685903716,2023-06-04_21:35:16
1685903717,2023-06-04_21:35:17
1685903718,2023-06-04_21:35:18
1685903719,2023-06-04_21:35:19
1685903720,2023-06-04_21:35:20
1685903721,2023-06-04_21:35:21
1685903722,2023-06-04_21:35:22
1685903723,2023-06-04_21:35:23
1685903724,2023-06-04_21:35:24
1685903725,2023-06-04_21:35:25
1685903726,2023-06-04_21:35:26
1685903727,2023-06-04_21:35:27
1685903728,2023-06-04_21:35:28
1685903729,2023-06-04_21:35:29
1685903730,2023-06-04_21:35:30
1685903731,2023-06-04_21:35:31
1685903732,2023-06-04_21:35:32
1685903733,2023-06-04_21:35:33
1685903734,2023-06-04_21:35:34
1685903735,2023-06-04_21:35:35
1685903736,2023-06-04_21:35:36
1685903737,2023-06-04_21:35:37
1685903738,2023-06-04_21:35:38
1685903739,2023-06-04_21:35:39
1685903740,2023-06-04_21:35:40
1685903741,2023-06-04_21:35:41
1685903742,2023-06-04_21:35:42
1685903743,2023-06-04_21:35:43
1685903744,2023-06-04_21:35:44
1685903745,2023-06-04_21:35:45
1685903746,2023-06-04_21:35:46
1685903747,2023-06-04_21:35:47
1685903748,2023-06-04_21:35:48
1685903749,2023-06-04_21:35:49
1685903750,2023-06-04_21:35:50
1685903751,2023-06-04_21:35:51
1685903752,2023-06-04_21:35:52
1685903753,2023-06-04_21:35:53
1685903754,2023-06-04_21:35:54
1685903755,2023-06-04_21:35:55
1685903756,2023-06-04_21:35:56
1685903757,2023-06-04_21:35:57
1685903758,2023-06-04_21:35:58
1685903759,2023-06-04_21:35:59
1685903760,2023-06-04_21:36:00
1685903761,2023-06-04_21:36:01
1685903762,2023-06-04_21:36:02
1685903763,2023-06-04_21:36:03
1685903764,2023-06-04_21:36:04
1685903765,2023-06-04_21:36:05
1685903766,2023-06-04_21:36:06
1685903767,2023-06-04_21:36:07
1685903768,2023-06-04_21:36:08
1685903769,2023-06-04_21:36:09
1685903770,2023-06-04_21:36:10
1685903771,2023-06-04_21:36:11
1685903772,2023-06-04_21:36:12
1685903773,2023-06-04_21:36:13
1685903774,2023-06-04_21:36:14
1685903775,2023-06-04_21:36:15
1685903776,2023-06-04_21:36:16
1685903777,2023-06-04_21:36:17
1685903778,2023-06-04_21:36:18
1685903779,2023-06-04_21:36:19
1685903780,2023-06-04_21:36:20
1685903781,2023-06-04_21:36:21
1685903782,2023-06-04_21:36:22
1685903783,2023-06-04_21:36:23
1685903784,2023-06-04_21:36:24
1685903785,2023-06-04_21:36:25
1685903786,2023-06-04_21:36:26
1685903787,2023-06-04_21:36:27
1685903788,2023-06-04_21:36:28
1685903789,2023-06-04_21:36:29
1685903790,2023-06-04_21:36:30
1685903791,2023-06-04_21:36:31
1685903792,2023-06-04_21:36:32
1685903793,2023-06-04_21:36:33
1685903794,2023-06-04_21:36:34
1685903795,2023-06-04_21:36:35
1685903796,2023-06-04_21:36:36
1685903797,2023-06-04_21:36:37
1685903798,2023-06-04_21:36:38
1685903799,2023-06-04_21:36:39
1685903800,2023-06-04_21:36:40
1685903801,2023-06-04_21:36:41
1685903802,2023-06-04_21:36:42
1685903803,2023-06-04_21:36:43
1685903804,2023-06-04_21:36:44
1685903805,2023-06-04_21:36:45
1685903806,2023-06-04_21:36:46
1685903807,2023-06-04_21:36:47
1685903808,2023-06-04_21:36:48
1685903809,2023-06-04_21:36:49
1685903810,2023-06-04_21:36:50
1685903811,2023-06-04_21:36:51
1685903812,2023-06-04_21:36:52
1685903813,2023-06-04_21:36:53
1685903814,2023-06-04_21:36:54
1685903815,2023-06-04_21:36:55
1685903816,2023-06-04_21:36:56
1685903817,2023-06-04_21:36:57
1685903818,2023-06-04_21:36:58
1685903819,2023-06-04_21:36:59
1685903820,2023-06-04_21:37:00
1685903821,2023-06-04_21:37:01
1685903822,2023-06-04_21:37:02
1685903823,2023-06-04_21:37:03
1685903824,2023-06-04_21:37:04
1685903825,2023-06-04_21:37:05
1685903826,2023-06-04_21:37:06
1685903827,2023-06-04_21:37:07
1685903828,2023-06-04_21:37:08
1685903829,2023-06-04_21:37:09
1685903830,2023-06-04_21:37:10
1685903831,2023-06-04_21:37:11
1685903832,2023-06-04_21:37:12
1685903833,2023-06-04_21:37:13
1685903834,2023-06-04_21:37:14
1685903835,2023-06-04_21:37:15
1685903836,2023-06-04_21:37:16
1685903837,2023-06-04_21:37:17
1685903838,2023-06-04_21:37:18
1685903839,2023-06-04_21:37:19
1685903840,2023-06-04_21:37:20
1685903841,2023-06-04_21:37:21
1685903842,2023-06-04_21:37:22
1685903843,2023-06-04_21:37:23
1685903844,2023-06-04_21:37:24
1685903845,2023-06-04_21:37:25
1685903846,2023-06-04_21:37:26
1685903847,2023-06-04_21:37:27
1685903848,2023-06-04_21:37:28
1685903849,2023-06-04_21:37:29
1685903850,2023-06-04_21:37:30
1685903851,2023-06-04_21:37:31
1685903852,2023-06-04_21:37:32
1685903853,2023-06-04_21:37:33
1685903854,2023-06-04_21:37:34
1685903855,2023-06-04_21:37:35
1685903856,2023-06-04_21:37:36
1685903857,2023-06-04_21:37:37
1685903858,2023-06-04_21:37:38
1685903859,2023-06-04_21:37:39
1685903860,2023-06-04_21:37:40
1685903861,2023-06-04_21:37:41
1685903862,2023-06-04_21:37:42
1685903863,2023-06-04_21:37:43
1685903864,2023-06-04_21:37:44
1685903865,2023-06-04_21:37:45
1685903866,2023-06-04_21:37:46
1685903867,2023-06-04_21:37:47
1685903868,2023-06-04_21:37:48
1685903869,2023-06-04_21:37:49
1685903870,2023-06-04_21:37:50
1685903871,2023-06-04_21:37:51
1685903872,2023-06-04_21:37:52
1685903873,2023-06-04_21:37:53
1685903874,2023-06-04_21:37:54
1685903875,2023-06-04_21:37:55
1685903876,2023-06-04_21:37:56
1685903877,2023-06-04_21:37:57
1685903878,2023-06-04_21:37:58
1685903879,2023-06-04_21:37:59
1685903880,2023-06-04_21:38:00
1685903881,2023-06-04_21:38:01
1685903882,2023-06-04_21:38:02
1685903883,2023-06-04_21:38:03
1685903884,2023-06-04_21:38:04
1685903885,2023-06-04_21:38:05
1685903886,2023-06-04_21:38:06
1685903887,2023-06-04_21:38:07
1685903888,2023-06-04_21:38:08
1685903889,2023-06-04_21:38:09
1685903890,2023-06-04_21:38:10
1685903891,2023-06-04_21:38:11
1685903892,2023-06-04_21:38:12
1685903893,2023-06-04_21:38:13
1685903894,2023-06-04_21:38:14
1685903895,2023-06-04_21:38:15
1685903896,2023-06-04_21:38:16
1685903897,2023-06-04_21:38:17
1685903898,2023-06-04_21:38:18
1685903899,2023-06-04_21:38:19
1685903900,2023-06-04_21:38:20
1685903901,2023-06-04_21:38:21
1685903902,2023-06-04_21:38:22
1685903903,2023-06-04_21:38:23
1685903904,2023-06-04_21:38:24
1685903905,2023-06-04_21:38:25
1685903906,2023-06-04_21:38:26
1685903907,2023-06-04_21:38:27
1685903908,2023-06-04_21:38:28
1685903909,2023-06-04_21:38:29
1685903910,2023-06-04_21:38:30
1685903911,2023-06-04_21:38:31
1685903912,2023-06-04_21:38:32
1685903913,2023-06-04_21:38:33
1685903914,2023-06-04_21:38:34
1685903915,2023-06-04_21:38:35
1685903916,2023-06-04_21:38:36
1685903917,2023-06-04_21:38:37
1685903918,2023-06-04_21:38:38
1685903919,2023-06-04_21:38:39
1685903920,2023-06-04_21:38:40
1685903921,2023-06-04_21:38:41
1685903922,2023-06-04_21:38:42
1685903923,2023-06-04_21:38:43
1685903924,2023-06-04_21:38:44
1685903925,2023-06-04_21:38:45
1685903926,2023-06-04_21:38:46
1685903927,2023-06-04_21:38:47
1685903928,2023-06-04_21:38:48
1685903929,2023-06-04_21:38:49
1685903930,2023-06-04_21:38:50
1685903931,2023-06-04_21:38:51
1685903932,2023-06-04_21:38:52
1685903933,2023-06-04_21:38:53
1685903934,2023-06-04_21:38:54
1685903935,2023-06-04_21:38:55
1685903936,2023-06-04_21:38:56
1685903937,2023-06-04_21:38:57
1685903938,2023-06-04_21:38:58
1685903939,2023-06-04_21:38:59
1685903940,2023-06-04_21:39:00
1685903941,2023-06-04_21:39:01
1685903942,2023-06-04_21:39:02
1685903943,2023-06-04_21:39:03
1685903944,2023-06-04_21:39:04
1685903945,2023-06-04_21:39:05
1685903946,2023-06-04_21:39:06
1685903947,2023-06-04_21:39:07
1685903948,2023-06-04_21:39:08
1685903949,2023-06-04_21:39:09
1685903950,2023-06-04_21:39:10
1685903951,2023-06-04_21:39:11
1685903952,2023-06-04_21:39:12
1685903953,2023-06-04_21:39:13
1685903954,2023-06-04_21:39:14
1685903955,2023-06-04_21:39:15
1685903956,2023-06-04_21:39:16
1685903957,2023-06-04_21:39:17
1685903958,2023-06-04_21:39:18
1685903959,2023-06-04_21:39:19
1685903960,2023-06-04_21:39:20
1685903961,2023-06-04_21:39:21
1685903962,2023-06-04_21:39:22
1685903963,2023-06-04_21:39:23
1685903964,2023-06-04_21:39:24
1685903965,2023-06-04_21:39:25
1685903966,2023-06-04_21:39:26
1685903967,2023-06-04_21:39:27
1685903968,2023-06-04_21:39:28
1685903969,2023-06-04_21:39:29
1685903970,2023-06-04_21:39:30
1685903971,2023-06-04_21:39:31
1685903972,2023-06-04_21:39:32
1685903973,2023-06-04_21:39:33
1685903974,2023-06-04_21:39:34
1685903975,2023-06-04_21:39:35
1685903976,2023-06-04_21:39:36
1685903977,2023-06-04_21:39:37
1685903978,2023-06-04_21:39:38
1685903979,2023-06-04_21:39:39
1685903980,2023-06-04_21:39:40
1685903981,2023-06-04_21:39:41
1685903982,2023-06-04_21:39:42
1685903983,2023-06-04_21:39:43
1685903984,2023-06-04_21:39:44
1685903985,2023-06-04_21:39:45
1685903986,2023-06-04_21:39:46
1685903987,2023-06-04_21:39:47
1685903988,2023-06-04_21:39:48
1685903989,2023-06-04_21:39:49
1685903990,2023-06-04_21:39:50
1685903991,2023-06-04_21:39:51
1685903992,2023-06-04_21:39:52
1685903993,2023-06-04_21:39:53
1685903994,2023-06-04_21:39:54
1685903995,2023-06-04_21:39:55
1685903996,2023-06-04_21:39:56
1685903997,2023-06-04_21:39:57
1685903998,2023-06-04_21:39:58
1685903999,2023-06-04_21:39:59
1685904000,2023-06-04_21:40:00
1685904001,2023-06-04_21:40:01
1685904002,2023-06-04_21:40:02
1685904003,2023-06-04_21:40:03
1685904004,2023-06-04_21:40:04
1685904005,2023-06-04_21:40:05
1685904006,2023-06-04_21:40:06
1685904007,2023-06-04_21:40:07
1685904008,2023-06-04_21:40:08
1685904009,2023-06-04_21:40:09
1685904010,2023-06-04_21:40:10
1685904011,2023-06-04_21:40:11
1685904012,2023-06-04_21:40:12
1685904013,2023-06-04_21:40:13
1685904014,2023-06-04_21:40:14
1685904015,2023-06-04_21:40:15
1685904016,2023-06-04_21:40:16
1685904017,2023-06-04_21:40:17
1685904018,2023-06-04_21:40:18
1685904019,2023-06-04_21:40:19
1685904020,2023-06-04_21:40:20
1685904021,2023-06-04_21:40:21
1685904022,2023-06-04_21:40:22
1685904023,2023-06-04_21:40:23
1685904024,2023-06-04_21:40:24
1685904025,2023-06-04_21:40:25
1685904026,2023-06-04_21:40:26
1685904027,2023-06-04_21:40:27
1685904028,2023-06-04_21:40:28
1685904029,2023-06-04_21:40:29
1685904030,2023-06-04_21:40:30
1685904031,2023-06-04_21:40:31
1685904032,2023-06-04_21:40:32
1685904033,2023-06-04_21:40:33
1685904034,2023-06-04_21:40:34
1685904035,2023-06-04_21:40:35
1685904036,2023-06-04_21:40:36
1685904037,2023-06-04_21:40:37
1685904038,2023-06-04_21:40:38
1685904039,2023-06-04_21:40:39
1685904040,2023-06-04_21:40:40
1685904041,2023-06-04_21:40:41
1685904042,2023-06-04_21:40:42
1685904043,2023-06-04_21:40:43
1685904044,2023-06-04_21:40:44
1685904045,2023-06-04_21:40:45
1685904046,2023-06-04_21:40:46
1685904047,2023-06-04_21:40:47
1685904048,2023-06-04_21:40:48
1685904049,2023-06-04_21:40:49
1685904050,2023-06-04_21:40:50
1685904051,2023-06-04_21:40:51
1685904052,2023-06-04_21:40:52
1685904053,2023-06-04_21:40:53
1685904054,2023-06-04_21:40:54
1685904055,2023-06-04_21:40:55
1685904056,2023-06-04_21:40:56
1685904057,2023-06-04_21:40:57
1685904058,2023-06-04_21:40:58
1685904059,2023-06-04_21:40:59
1685904060,2023-06-04_21:41:00
1685904061,2023-06-04_21:41:01
1685904062,2023-06-04_21:41:02
1685904063,2023-06-04_21:41:03
1685904064,2023-06-04_21:41:04
1685904065,2023-06-04_21:41:05
1685904066,2023-06-04_21:41:06
1685904067,2023-06-04_21:41:07
1685904068,2023-06-04_21:41:08
1685904069,2023-06-04_21:41:09
1685904070,2023-06-04_21:41:10
1685904071,2023-06-04_21:41:11
1685904072,2023-06-04_21:41:12
1685904073,2023-06-04_21:41:13
1685904074,2023-06-04_21:41:14
1685904075,2023-06-04_21:41:15
1685904076,2023-06-04_21:41:16
1685904077,2023-06-04_21:41:17
1685904078,2023-06-04_21:41:18
1685904079,2023-06-04_21:41:19
1685904080,2023-06-04_21:41:20
1685904081,2023-06-04_21:41:21
1685904082,2023-06-04_21:41:22
1685904083,2023-06-04_21:41:23
1685904084,2023-06-04_21:41:24
1685904085,2023-06-04_21:41:25
1685904086,2023-06-04_21:41:26
1685904087,2023-06-04_21:41:27
1685904088,2023-06-04_21:41:28
1685904089,2023-06-04_21:41:29
1685904090,2023-06-04_21:41:30
1685904091,2023-06-04_21:41:31
1685904092,2023-06-04_21:41:32
1685904093,2023-06-04_21:41:33
1685904094,2023-06-04_21:41:34
1685904095,2023-06-04_21:41:35
1685904096,2023-06-04_21:41:36
1685904097,2023-06-04_21:41:37
1685904098,2023-06-04_21:41:38
1685904099,2023-06-04_21:41:39
1685904100,2023-06-04_21:41:40
1685904101,2023-06-04_21:41:41
1685904102,2023-06-04_21:41:42
1685904103,2023-06-04_21:41:43
1685904104,2023-06-04_21:41:44
1685904105,2023-06-04_21:41:45
1685904106,2023-06-04_21:41:46
1685904107,2023-06-04_21:41:47
1685904108,2023-06-04_21:41:48
1685904109,2023-06-04_21:41:49
1685904110,2023-06-04_21:41:50
1685904111,2023-06-04_21:41:51
1685904112,2023-06-04_21:41:52
1685904113,2023-06-04_21:41:53
1685904114,2023-06-04_21:41:54
1685904115,2023-06-04_21:41:55
1685904116,2023-06-04_21:41:56
1685904117,2023-06-04_21:41:57
1685904118,2023-06-04_21:41:58
1685904119,2023-06-04_21:41:59
1685904120,2023-06-04_21:42:00
1685904121,2023-06-04_21:42:01
1685904122,2023-06-04_21:42:02
1685904123,2023-06-04_21:42:03
1685904124,2023-06-04_21:42:04
1685904125,2023-06-04_21:42:05
1685904126,2023-06-04_21:42:06
1685904127,2023-06-04_21:42:07
1685904128,2023-06-04_21:42:08
1685904129,2023-06-04_21:42:09
1685904130,2023-06-04_21:42:10
1685904131,2023-06-04_21:42:11
1685904132,2023-06-04_21:42:12
1685904133,2023-06-04_21:42:13
1685904134,2023-06-04_21:42:14
1685904135,2023-06-04_21:42:15
1685904136,2023-06-04_21:42:16
1685904137,2023-06-04_21:42:17
1685904138,2023-06-04_21:42:18
1685904139,2023-06-04_21:42:19
1685904140,2023-06-04_21:42:20
1685904141,2023-06-04_21:42:21
1685904142,2023-06-04_21:42:22
1685904143,2023-06-04_21:42:23
1685904144,2023-06-04_21:42:24
1685904145,2023-06-04_21:42:25
1685904146,2023-06-04_21:42:26
1685904147,2023-06-04_21:42:27
1685904148,2023-06-04_21:42:28
1685904149,2023-06-04_21:42:29
1685904150,2023-06-04_21:42:30
1685904151,2023-06-04_21:42:31
1685904152,2023-06-04_21:42:32
1685904153,2023-06-04_21:42:33
1685904154,2023-06-04_21:42:34
1685904155,2023-06-04_21:42:35
1685904156,2023-06-04_21:42:36
1685904157,2023-06-04_21:42:37
1685904158,2023-06-04_21:42:38
1685904159,2023-06-04_21:42:39
1685904160,2023-06-04_21:42:40
1685904161,2023-06-04_21:42:41
1685904162,2023-06-04_21:42:42
1685904163,2023-06-04_21:42:43
1685904164,2023-06-04_21:42:44
1685904165,2023-06-04_21:42:45
1685904166,2023-06-04_21:42:46
1685904167,2023-06-04_21:42:47
1685904168,2023-06-04_21:42:48
1685904169,2023-06-04_21:42:49
1685904170,2023-06-04_21:42:50
1685904171,2023-06-04_21:42:51
1685904172,2023-06-04_21:42:52
1685904173,2023-06-04_21:42:53
1685904174,2023-06-04_21:42:54
1685904175,2023-06-04_21:42:55
1685904176,2023-06-04_21:42:56
1685904177,2023-06-04_21:42:57
1685904178,2023-06-04_21:42:58
1685904179,2023-06-04_21:42:59
1685904180,2023-06-04_21:43:00
1685904181,2023-06-04_21:43:01
1685904182,2023-06-04_21:43:02
1685904183,2023-06-04_21:43:03
1685904184,2023-06-04_21:43:04
1685904185,2023-06-04_21:43:05
1685904186,2023-06-04_21:43:06
1685904187,2023-06-04_21:43:07
1685904188,2023-06-04_21:43:08
1685904189,2023-06-04_21:43:09
1685904190,2023-06-04_21:43:10
1685904191,2023-06-04_21:43:11
1685904192,2023-06-04_21:43:12
1685904193,2023-06-04_21:43:13
1685904194,2023-06-04_21:43:14
1685904195,2023-06-04_21:43:15
1685904196,2023-06-04_21:43:16
1685904197,2023-06-04_21:43:17
1685904198,2023-06-04_21:43:18
1685904199,2023-06-04_21:43:19
1685904200,2023-06-04_21:43:20
1685904201,2023-06-04_21:43:21
1685904202,2023-06-04_21:43:22
1685904203,2023-06-04_21:43:23
1685904204,2023-06-04_21:43:24
1685904205,2023-06-04_21:43:25
1685904206,2023-06-04_21:43:26
1685904207,2023-06-04_21:43:27
1685904208,2023-06-04_21:43:28
1685904209,2023-06-04_21:43:29
1685904210,2023-06-04_21:43:30
1685904211,2023-06-04_21:43:31
1685904212,2023-06-04_21:43:32
1685904213,2023-06-04_21:43:33
1685904214,2023-06-04_21:43:34
1685904215,2023-06-04_21:43:35
1685904216,2023-06-04_21:43:36
1685904217,2023-06-04_21:43:37
1685904218,2023-06-04_21:43:38
1685904219,2023-06-04_21:43:39
1685904220,2023-06-04_21:43:40
1685904221,2023-06-04_21:43:41
1685904222,2023-06-04_21:43:42
1685904223,2023-06-04_21:43:43
1685904224,2023-06-04_21:43:44
1685904225,2023-06-04_21:43:45
1685904226,2023-06-04_21:43:46
1685904227,2023-06-04_21:43:47
1685904228,2023-06-04_21:43:48
1685904229,2023-06-04_21:43:49
1685904230,2023-06-04_21:43:50
1685904231,2023-06-04_21:43:51
1685904232,2023-06-04_21:43:52
1685904233,2023-06-04_21:43:53
1685904234,2023-06-04_21:43:54
1685904235,2023-06-04_21:43:55
1685904236,2023-06-04_21:43:56
1685904237,2023-06-04_21:43:57
1685904238,2023-06-04_21:43:58
1685904239,2023-06-04_21:43:59
1685904240,2023-06-04_21:44:00
1685904241,2023-06-04_21:44:01
1685904242,2023-06-04_21:44:02
1685904243,2023-06-04_21:44:03
1685904244,2023-06-04_21:44:04
1685904245,2023-06-04_21:44:05
1685904246,2023-06-04_21:44:06
1685904247,2023-06-04_21:44:07
1685904248,2023-06-04_21:44:08
1685904249,2023-06-04_21:44:09
1685904250,2023-06-04_21:44:10
1685904251,2023-06-04_21:44:11
1685904252,2023-06-04_21:44:12
1685904253,2023-06-04_21:44:13
1685904254,2023-06-04_21:44:14
1685904255,2023-06-04_21:44:15
1685904256,2023-06-04_21:44:16
1685904257,2023-06-04_21:44:17
1685904258,2023-06-04_21:44:18
1685904259,2023-06-04_21:44:19
1685904260,2023-06-04_21:44:20
1685904261,2023-06-04_21:44:21
1685904262,2023-06-04_21:44:22
1685904263,2023-06-04_21:44:23
1685904264,2023-06-04_21:44:24
1685904265,2023-06-04_21:44:25
1685904266,2023-06-04_21:44:26
1685904267,2023-06-04_21:44:27
1685904268,2023-06-04_21:44:28
1685904269,2023-06-04_21:44:29
1685904270,2023-06-04_21:44:30
1685904271,2023-06-04_21:44:31
1685904272,2023-06-04_21:44:32
1685904273,2023-06-04_21:44:33
1685904274,2023-06-04_21:44:34
1685904275,2023-06-04_21:44:35
1685904276,2023-06-04_21:44:36
1685904277,2023-06-04_21:44:37
1685904278,2023-06-04_21:44:38
1685904279,2023-06-04_21:44:39
1685904280,2023-06-04_21:44:40
1685904281,2023-06-04_21:44:41
1685904282,2023-06-04_21:44:42
1685904283,2023-06-04_21:44:43
1685904284,2023-06-04_21:44:44
1685904285,2023-06-04_21:44:45
1685904286,2023-06-04_21:44:46
1685904287,2023-06-04_21:44:47
1685904288,2023-06-04_21:44:48
1685904289,2023-06-04_21:44:49
1685904290,2023-06-04_21:44:50
1685904291,2023-06-04_21:44:51
1685904292,2023-06-04_21:44:52
1685904293,2023-06-04_21:44:53
1685904294,2023-06-04_21:44:54
1685904295,2023-06-04_21:44:55
1685904296,2023-06-04_21:44:56
1685904297,2023-06-04_21:44:57
1685904298,2023-06-04_21:44:58
1685904299,2023-06-04_21:44:59
1685904300,2023-06-04_21:45:00
1685904301,2023-06-04_21:45:01
1685904302,2023-06-04_21:45:02
1685904303,2023-06-04_21:45:03
1685904304,2023-06-04_21:45:04
1685904305,2023-06-04_21:45:05
1685904306,2023-06-04_21:45:06
1685904307,2023-06-04_21:45:07
1685904308,2023-06-04_21:45:08
1685904309,2023-06-04_21:45:09
1685904310,2023-06-04_21:45:10
1685904311,2023-06-04_21:45:11
1685904312,2023-06-04_21:45:12
1685904313,2023-06-04_21:45:13
1685904314,2023-06-04_21:45:14
1685904315,2023-06-04_21:45:15
1685904316,2023-06-04_21:45:16
1685904317,2023-06-04_21:45:17
1685904318,2023-06-04_21:45:18
1685904319,2023-06-04_21:45:19
1685904320,2023-06-04_21:45:20
1685904321,2023-06-04_21:45:21
1685904322,2023-06-04_21:45:22
1685904323,2023-06-04_21:45:23
1685904324,2023-06-04_21:45:24
1685904325,2023-06-04_21:45:25
1685904326,2023-06-04_21:45:26
1685904327,2023-06-04_21:45:27
1685904328,2023-06-04_21:45:28
1685904329,2023-06-04_21:45:29
1685904330,2023-06-04_21:45:30
1685904331,2023-06-04_21:45:31
1685904332,2023-06-04_21:45:32
1685904333,2023-06-04_21:45:33
1685904334,2023-06-04_21:45:34
1685904335,2023-06-04_21:45:35
1685904336,2023-06-04_21:45:36
1685904337,2023-06-04_21:45:37
1685904338,2023-06-04_21:45:38
1685904339,2023-06-04_21:45:39
1685904340,2023-06-04_21:45:40
1685904341,2023-06-04_21:45:41
1685904342,2023-06-04_21:45:42
1685904343,2023-06-04_21:45:43
1685904344,2023-06-04_21:45:44
1685904345,2023-06-04_21:45:45
1685904346,2023-06-04_21:45:46
1685904347,2023-06-04_21:45:47
1685904348,2023-06-04_21:45:48
1685904349,2023-06-04_21:45:49
1685904350,2023-06-04_21:45:50
1685904351,2023-06-04_21:45:51
1685904352,2023-06-04_21:45:52
1685904353,2023-06-04_21:45:53
1685904354,2023-06-04_21:45:54
1685904355,2023-06-04_21:45:55
1685904356,2023-06-04_21:45:56
1685904357,2023-06-04_21:45:57
1685904358,2023-06-04_21:45:58
1685904359,2023-06-04_21:45:59
1685904360,2023-06-04_21:46:00
1685904361,2023-06-04_21:46:01
1685904362,2023-06-04_21:46:02
1685904363,2023-06-04_21:46:03
1685904364,2023-06-04_21:46:04
1685904365,2023-06-04_21:46:05
1685904366,2023-06-04_21:46:06
1685904367,2023-06-04_21:46:07
1685904368,2023-06-04_21:46:08
1685904369,2023-06-04_21:46:09
1685904370,2023-06-04_21:46:10
1685904371,2023-06-04_21:46:11
1685904372,2023-06-04_21:46:12
1685904373,2023-06-04_21:46:13
1685904374,2023-06-04_21:46:14
1685904375,2023-06-04_21:46:15
1685904376,2023-06-04_21:46:16
1685904377,2023-06-04_21:46:17
1685904378,2023-06-04_21:46:18
1685904379,2023-06-04_21:46:19
1685904380,2023-06-04_21:46:20
1685904381,2023-06-04_21:46:21
1685904382,2023-06-04_21:46:22
1685904383,2023-06-04_21:46:23
1685904384,2023-06-04_21:46:24
1685904385,2023-06-04_21:46:25
1685904386,2023-06-04_21:46:26
1685904387,2023-06-04_21:46:27
1685904388,2023-06-04_21:46:28
1685904389,2023-06-04_21:46:29
1685904390,2023-06-04_21:46:30
1685904391,2023-06-04_21:46:31
1685904392,2023-06-04_21:46:32
1685904393,2023-06-04_21:46:33
1685904394,2023-06-04_21:46:34
1685904395,2023-06-04_21:46:35
1685904396,2023-06-04_21:46:36
1685904397,2023-06-04_21:46:37
1685904398,2023-06-04_21:46:38
1685904399,2023-06-04_21:46:39
1685904400,2023-06-04_21:46:40
1685904401,2023-06-04_21:46:41
1685904402,2023-06-04_21:46:42
1685904403,2023-06-04_21:46:43
1685904404,2023-06-04_21:46:44
1685904405,2023-06-04_21:46:45
1685904406,2023-06-04_21:46:46
1685904407,2023-06-04_21:46:47
1685904408,2023-06-04_21:46:48
1685904409,2023-06-04_21:46:49
1685904410,2023-06-04_21:46:50
1685904411,2023-06-04_21:46:51
1685904412,2023-06-04_21:46:52
1685904413,2023-06-04_21:46:53
1685904414,2023-06-04_21:46:54
1685904415,2023-06-04_21:46:55
1685904416,2023-06-04_21:46:56
1685904417,2023-06-04_21:46:57
1685904418,2023-06-04_21:46:58
1685904419,2023-06-04_21:46:59
1685904420,2023-06-04_21:47:00
1685904421,2023-06-04_21:47:01
1685904422,2023-06-04_21:47:02
1685904423,2023-06-04_21:47:03
1685904424,2023-06-04_21:47:04
1685904425,2023-06-04_21:47:05
1685904426,2023-06-04_21:47:06
1685904427,2023-06-04_21:47:07
1685904428,2023-06-04_21:47:08
1685904429,2023-06-04_21:47:09
1685904430,2023-06-04_21:47:10
1685904431,2023-06-04_21:47:11
1685904432,2023-06-04_21:47:12
1685904433,2023-06-04_21:47:13
1685904434,2023-06-04_21:47:14
1685904435,2023-06-04_21:47:15
1685904436,2023-06-04_21:47:16
1685904437,2023-06-04_21:47:17
1685904438,2023-06-04_21:47:18
1685904439,2023-06-04_21:47:19
1685904440,2023-06-04_21:47:20
1685904441,2023-06-04_21:47:21
1685904442,2023-06-04_21:47:22
1685904443,2023-06-04_21:47:23
1685904444,2023-06-04_21:47:24
1685904445,2023-06-04_21:47:25
1685904446,2023-06-04_21:47:26
1685904447,2023-06-04_21:47:27
1685904448,2023-06-04_21:47:28
1685904449,2023-06-04_21:47:29
1685904450,2023-06-04_21:47:30
1685904451,2023-06-04_21:47:31
1685904452,2023-06-04_21:47:32
1685904453,2023-06-04_21:47:33
1685904454,2023-06-04_21:47:34
1685904455,2023-06-04_21:47:35
1685904456,2023-06-04_21:47:36
1685904457,2023-06-04_21:47:37
1685904458,2023-06-04_21:47:38
1685904459,2023-06-04_21:47:39
1685904460,2023-06-04_21:47:40
1685904461,2023-06-04_21:47:41
1685904462,2023-06-04_21:47:42
1685904463,2023-06-04_21:47:43
1685904464,2023-06-04_21:47:44
1685904465,2023-06-04_21:47:45
1685904466,2023-06-04_21:47:46
1685904467,2023-06-04_21:47:47
1685904468,2023-06-04_21:47:48
1685904469,2023-06-04_21:47:49
1685904470,2023-06-04_21:47:50
1685904471,2023-06-04_21:47:51
1685904472,2023-06-04_21:47:52
1685904473,2023-06-04_21:47:53
1685904474,2023-06-04_21:47:54
1685904475,2023-06-04_21:47:55
1685904476,2023-06-04_21:47:56
1685904477,2023-06-04_21:47:57
1685904478,2023-06-04_21:47:58
1685904479,2023-06-04_21:47:59
1685904480,2023-06-04_21:48:00
1685904481,2023-06-04_21:48:01
1685904482,2023-06-04_21:48:02
1685904483,2023-06-04_21:48:03
1685904484,2023-06-04_21:48:04
1685904485,2023-06-04_21:48:05
1685904486,2023-06-04_21:48:06
1685904487,2023-06-04_21:48:07
1685904488,2023-06-04_21:48:08
1685904489,2023-06-04_21:48:09
1685904490,2023-06-04_21:48:10
1685904491,2023-06-04_21:48:11
1685904492,2023-06-04_21:48:12
1685904493,2023-06-04_21:48:13
1685904494,2023-06-04_21:48:14
1685904495,2023-06-04_21:48:15
1685904496,2023-06-04_21:48:16
1685904497,2023-06-04_21:48:17
1685904498,2023-06-04_21:48:18
1685904499,2023-06-04_21:48:19
1685904500,2023-06-04_21:48:20
1685904501,2023-06-04_21:48:21
1685904502,2023-06-04_21:48:22
1685904503,2023-06-04_21:48:23
1685904504,2023-06-04_21:48:24
1685904505,2023-06-04_21:48:25
1685904506,2023-06-04_21:48:26
1685904507,2023-06-04_21:48:27
1685904508,2023-06-04_21:48:28
1685904509,2023-06-04_21:48:29
1685904510,2023-06-04_21:48:30
1685904511,2023-06-04_21:48:31
1685904512,2023-06-04_21:48:32
1685904513,2023-06-04_21:48:33
1685904514,2023-06-04_21:48:34
1685904515,2023-06-04_21:48:35
1685904516,2023-06-04_21:48:36
1685904517,2023-06-04_21:48:37
1685904518,2023-06-04_21:48:38
1685904519,2023-06-04_21:48:39
1685904520,2023-06-04_21:48:40
1685904521,2023-06-04_21:48:41
1685904522,2023-06-04_21:48:42
1685904523,2023-06-04_21:48:43
1685904524,2023-06-04_21:48:44
1685904525,2023-06-04_21:48:45
1685904526,2023-06-04_21:48:46
1685904527,2023-06-04_21:48:47
1685904528,2023-06-04_21:48:48
1685904529,2023-06-04_21:48:49
1685904530,2023-06-04_21:48:50
1685904531,2023-06-04_21:48:51
1685904532,2023-06-04_21:48:52
1685904533,2023-06-04_21:48:53
1685904534,2023-06-04_21:48:54
1685904535,2023-06-04_21:48:55
1685904536,2023-06-04_21:48:56
1685904537,2023-06-04_21:48:57
1685904538,2023-06-04_21:48:58
1685904539,2023-06-04_21:48:59
1685904540,2023-06-04_21:49:00
1685904541,2023-06-04_21:49:01
1685904542,2023-06-04_21:49:02
1685904543,2023-06-04_21:49:03
1685904544,2023-06-04_21:49:04
1685904545,2023-06-04_21:49:05
1685904546,2023-06-04_21:49:06
1685904547,2023-06-04_21:49:07
1685904548,2023-06-04_21:49:08
1685904549,2023-06-04_21:49:09
1685904550,2023-06-04_21:49:10
1685904551,2023-06-04_21:49:11
1685904552,2023-06-04_21:49:12
1685904553,2023-06-04_21:49:13
1685904554,2023-06-04_21:49:14
1685904555,2023-06-04_21:49:15
1685904556,2023-06-04_21:49:16
1685904557,2023-06-04_21:49:17
1685904558,2023-06-04_21:49:18
1685904559,2023-06-04_21:49:19
1685904560,2023-06-04_21:49:20
1685904561,2023-06-04_21:49:21
1685904562,2023-06-04_21:49:22
1685904563,2023-06-04_21:49:23
1685904564,2023-06-04_21:49:24
1685904565,2023-06-04_21:49:25
1685904566,2023-06-04_21:49:26
1685904567,2023-06-04_21:49:27
1685904568,2023-06-04_21:49:28
1685904569,2023-06-04_21:49:29
1685904570,2023-06-04_21:49:30
1685904571,2023-06-04_21:49:31
1685904572,2023-06-04_21:49:32
1685904573,2023-06-04_21:49:33
1685904574,2023-06-04_21:49:34
1685904575,2023-06-04_21:49:35
1685904576,2023-06-04_21:49:36
1685904577,2023-06-04_21:49:37
1685904578,2023-06-04_21:49:38
1685904579,2023-06-04_21:49:39
1685904580,2023-06-04_21:49:40
1685904581,2023-06-04_21:49:41
1685904582,2023-06-04_21:49:42
1685904583,2023-06-04_21:49:43
1685904584,2023-06-04_21:49:44
1685904585,2023-06-04_21:49:45
1685904586,2023-06-04_21:49:46
1685904587,2023-06-04_21:49:47
1685904588,2023-06-04_21:49:48
1685904589,2023-06-04_21:49:49
1685904590,2023-06-04_21:49:50
1685904591,2023-06-04_21:49:51
1685904592,2023-06-04_21:49:52
1685904593,2023-06-04_21:49:53
1685904594,2023-06-04_21:49:54
1685904595,2023-06-04_21:49:55
1685904596,2023-06-04_21:49:56
1685904597,2023-06-04_21:49:57
1685904598,2023-06-04_21:49:58
1685904599,2023-06-04_21:49:59
1685904600,2023-06-04_21:50:00
1685904601,2023-06-04_21:50:01
1685904602,2023-06-04_21:50:02
1685904603,2023-06-04_21:50:03
1685904604,2023-06-04_21:50:04
1685904605,2023-06-04_21:50:05
1685904606,2023-06-04_21:50:06
1685904607,2023-06-04_21:50:07
1685904608,2023-06-04_21:50:08
1685904609,2023-06-04_21:50:09
1685904610,2023-06-04_21:50:10
1685904611,2023-06-04_21:50:11
1685904612,2023-06-04_21:50:12
1685904613,2023-06-04_21:50:13
1685904614,2023-06-04_21:50:14
1685904615,2023-06-04_21:50:15
1685904616,2023-06-04_21:50:16
1685904617,2023-06-04_21:50:17
1685904618,2023-06-04_21:50:18
1685904619,2023-06-04_21:50:19
1685904620,2023-06-04_21:50:20
1685904621,2023-06-04_21:50:21
1685904622,2023-06-04_21:50:22
1685904623,2023-06-04_21:50:23
1685904624,2023-06-04_21:50:24
1685904625,2023-06-04_21:50:25
1685904626,2023-06-04_21:50:26
1685904627,2023-06-04_21:50:27
1685904628,2023-06-04_21:50:28
1685904629,2023-06-04_21:50:29
1685904630,2023-06-04_21:50:30
1685904631,2023-06-04_21:50:31
1685904632,2023-06-04_21:50:32
1685904633,2023-06-04_21:50:33
1685904634,2023-06-04_21:50:34
1685904635,2023-06-04_21:50:35
1685904636,2023-06-04_21:50:36
1685904637,2023-06-04_21:50:37
1685904638,2023-06-04_21:50:38
1685904639,2023-06-04_21:50:39
1685904640,2023-06-04_21:50:40
1685904641,2023-06-04_21:50:41
1685904642,2023-06-04_21:50:42
1685904643,2023-06-04_21:50:43
1685904644,2023-06-04_21:50:44
1685904645,2023-06-04_21:50:45
1685904646,2023-06-04_21:50:46
1685904647,2023-06-04_21:50:47
1685904648,2023-06-04_21:50:48
1685904649,2023-06-04_21:50:49
1685904650,2023-06-04_21:50:50
1685904651,2023-06-04_21:50:51
1685904652,2023-06-04_21:50:52
1685904653,2023-06-04_21:50:53
1685904654,2023-06-04_21:50:54
1685904655,2023-06-04_21:50:55
1685904656,2023-06-04_21:50:56
1685904657,2023-06-04_21:50:57
1685904658,2023-06-04_21:50:58
1685904659,2023-06-04_21:50:59
1685904660,2023-06-04_21:51:00
1685904661,2023-06-04_21:51:01
1685904662,2023-06-04_21:51:02
1685904663,2023-06-04_21:51:03
1685904664,2023-06-04_21:51:04
1685904665,2023-06-04_21:51:05
1685904666,2023-06-04_21:51:06
1685904667,2023-06-04_21:51:07
1685904668,2023-06-04_21:51:08
1685904669,2023-06-04_21:51:09
1685904670,2023-06-04_21:51:10
1685904671,2023-06-04_21:51:11
1685904672,2023-06-04_21:51:12
1685904673,2023-06-04_21:51:13
1685904674,2023-06-04_21:51:14
1685904675,2023-06-04_21:51:15
1685904676,2023-06-04_21:51:16
1685904677,2023-06-04_21:51:17
1685904678,2023-06-04_21:51:18
1685904679,2023-06-04_21:51:19
1685904680,2023-06-04_21:51:20
1685904681,2023-06-04_21:51:21
1685904682,2023-06-04_21:51:22
1685904683,2023-06-04_21:51:23
1685904684,2023-06-04_21:51:24
1685904685,2023-06-04_21:51:25
1685904686,2023-06-04_21:51:26
1685904687,2023-06-04_21:51:27
1685904688,2023-06-04_21:51:28
1685904689,2023-06-04_21:51:29
1685904690,2023-06-04_21:51:30
1685904691,2023-06-04_21:51:31
1685904692,2023-06-04_21:51:32
1685904693,2023-06-04_21:51:33
1685904694,2023-06-04_21:51:34
1685904695,2023-06-04_21:51:35
1685904696,2023-06-04_21:51:36
1685904697,2023-06-04_21:51:37
1685904698,2023-06-04_21:51:38
1685904699,2023-06-04_21:51:39
1685904700,2023-06-04_21:51:40
1685904701,2023-06-04_21:51:41
1685904702,2023-06-04_21:51:42
1685904703,2023-06-04_21:51:43
1685904704,2023-06-04_21:51:44
1685904705,2023-06-04_21:51:45
1685904706,2023-06-04_21:51:46
1685904707,2023-06-04_21:51:47
1685904708,2023-06-04_21:51:48
1685904709,2023-06-04_21:51:49
1685904710,2023-06-04_21:51:50
1685904711,2023-06-04_21:51:51
1685904712,2023-06-04_21:51:52
1685904713,2023-06-04_21:51:53
1685904714,2023-06-04_21:51:54
1685904715,2023-06-04_21:51:55
1685904716,2023-06-04_21:51:56
1685904717,2023-06-04_21:51:57
1685904718,2023-06-04_21:51:58
1685904719,2023-06-04_21:51:59
1685904720,2023-06-04_21:52:00
1685904721,2023-06-04_21:52:01
1685904722,2023-06-04_21:52:02
1685904723,2023-06-04_21:52:03
1685904724,2023-06-04_21:52:04
1685904725,2023-06-04_21:52:05
1685904726,2023-06-04_21:52:06
1685904727,2023-06-04_21:52:07
1685904728,2023-06-04_21:52:08
1685904729,2023-06-04_21:52:09
1685904730,2023-06-04_21:52:10
1685904731,2023-06-04_21:52:11
1685904732,2023-06-04_21:52:12
1685904733,2023-06-04_21:52:13
1685904734,2023-06-04_21:52:14
1685904735,2023-06-04_21:52:15
1685904736,2023-06-04_21:52:16
1685904737,2023-06-04_21:52:17
1685904738,2023-06-04_21:52:18
1685904739,2023-06-04_21:52:19
1685904740,2023-06-04_21:52:20
1685904741,2023-06-04_21:52:21
1685904742,2023-06-04_21:52:22
1685904743,2023-06-04_21:52:23
1685904744,2023-06-04_21:52:24
1685904745,2023-06-04_21:52:25
1685904746,2023-06-04_21:52:26
1685904747,2023-06-04_21:52:27
1685904748,2023-06-04_21:52:28
1685904749,2023-06-04_21:52:29
1685904750,2023-06-04_21:52:30
1685904751,2023-06-04_21:52:31
1685904752,2023-06-04_21:52:32
1685904753,2023-06-04_21:52:33
1685904754,2023-06-04_21:52:34
1685904755,2023-06-04_21:52:35
1685904756,2023-06-04_21:52:36
1685904757,2023-06-04_21:52:37
1685904758,2023-06-04_21:52:38
1685904759,2023-06-04_21:52:39
1685904760,2023-06-04_21:52:40
1685904761,2023-06-04_21:52:41
1685904762,2023-06-04_21:52:42
1685904763,2023-06-04_21:52:43
1685904764,2023-06-04_21:52:44
1685904765,2023-06-04_21:52:45
1685904766,2023-06-04_21:52:46
1685904767,2023-06-04_21:52:47
1685904768,2023-06-04_21:52:48
1685904769,2023-06-04_21:52:49
1685904770,2023-06-04_21:52:50
1685904771,2023-06-04_21:52:51
1685904772,2023-06-04_21:52:52
1685904773,2023-06-04_21:52:53
1685904774,2023-06-04_21:52:54
1685904775,2023-06-04_21:52:55
1685904776,2023-06-04_21:52:56
1685904777,2023-06-04_21:52:57
1685904778,2023-06-04_21:52:58
1685904779,2023-06-04_21:52:59
1685904780,2023-06-04_21:53:00
1685904781,2023-06-04_21:53:01
1685904782,2023-06-04_21:53:02
1685904783,2023-06-04_21:53:03
1685904784,2023-06-04_21:53:04
1685904785,2023-06-04_21:53:05
1685904786,2023-06-04_21:53:06
1685904787,2023-06-04_21:53:07
1685904788,2023-06-04_21:53:08
1685904789,2023-06-04_21:53:09
1685904790,2023-06-04_21:53:10
1685904791,2023-06-04_21:53:11
1685904792,2023-06-04_21:53:12
1685904793,2023-06-04_21:53:13
1685904794,2023-06-04_21:53:14
1685904795,2023-06-04_21:53:15
1685904796,2023-06-04_21:53:16
1685904797,2023-06-04_21:53:17
1685904798,2023-06-04_21:53:18
1685904799,2023-06-04_21:53:19
1685904800,2023-06-04_21:53:20
1685904801,2023-06-04_21:53:21
1685904802,2023-06-04_21:53:22
1685904803,2023-06-04_21:53:23
1685904804,2023-06-04_21:53:24
1685904805,2023-06-04_21:53:25
1685904806,2023-06-04_21:53:26
1685904807,2023-06-04_21:53:27
1685904808,2023-06-04_21:53:28
1685904809,2023-06-04_21:53:29
1685904810,2023-06-04_21:53:30
1685904811,2023-06-04_21:53:31
1685904812,2023-06-04_21:53:32
1685904813,2023-06-04_21:53:33
1685904814,2023-06-04_21:53:34
1685904815,2023-06-04_21:53:35
1685904816,2023-06-04_21:53:36
1685904817,2023-06-04_21:53:37
1685904818,2023-06-04_21:53:38
1685904819,2023-06-04_21:53:39
1685904820,2023-06-04_21:53:40
1685904821,2023-06-04_21:53:41
1685904822,2023-06-04_21:53:42
1685904823,2023-06-04_21:53:43
1685904824,2023-06-04_21:53:44
1685904825,2023-06-04_21:53:45
1685904826,2023-06-04_21:53:46
1685904827,2023-06-04_21:53:47
1685904828,2023-06-04_21:53:48
1685904829,2023-06-04_21:53:49
1685904830,2023-06-04_21:53:50
1685904831,2023-06-04_21:53:51
1685904832,2023-06-04_21:53:52
1685904833,2023-06-04_21:53:53
1685904834,2023-06-04_21:53:54
1685904835,2023-06-04_21:53:55
1685904836,2023-06-04_21:53:56
1685904837,2023-06-04_21:53:57
1685904838,2023-06-04_21:53:58
1685904839,2023-06-04_21:53:59
1685904840,2023-06-04_21:54:00
1685904841,2023-06-04_21:54:01
1685904842,2023-06-04_21:54:02
1685904843,2023-06-04_21:54:03
1685904844,2023-06-04_21:54:04
1685904845,2023-06-04_21:54:05
1685904846,2023-06-04_21:54:06
1685904847,2023-06-04_21:54:07
1685904848,2023-06-04_21:54:08
1685904849,2023-06-04_21:54:09
1685904850,2023-06-04_21:54:10
1685904851,2023-06-04_21:54:11
1685904852,2023-06-04_21:54:12
1685904853,2023-06-04_21:54:13
1685904854,2023-06-04_21:54:14
1685904855,2023-06-04_21:54:15
1685904856,2023-06-04_21:54:16
1685904857,2023-06-04_21:54:17
1685904858,2023-06-04_21:54:18
1685904859,2023-06-04_21:54:19
1685904860,2023-06-04_21:54:20
1685904861,2023-06-04_21:54:21
1685904862,2023-06-04_21:54:22
1685904863,2023-06-04_21:54:23
1685904864,2023-06-04_21:54:24
1685904865,2023-06-04_21:54:25
1685904866,2023-06-04_21:54:26
1685904867,2023-06-04_21:54:27
1685904868,2023-06-04_21:54:28
1685904869,2023-06-04_21:54:29
1685904870,2023-06-04_21:54:30
1685904871,2023-06-04_21:54:31
1685904872,2023-06-04_21:54:32
1685904873,2023-06-04_21:54:33
1685904874,2023-06-04_21:54:34
1685904875,2023-06-04_21:54:35
1685904876,2023-06-04_21:54:36
1685904877,2023-06-04_21:54:37
1685904878,2023-06-04_21:54:38
1685904879,2023-06-04_21:54:39
1685904880,2023-06-04_21:54:40
1685904881,2023-06-04_21:54:41
1685904882,2023-06-04_21:54:42
1685904883,2023-06-04_21:54:43
1685904884,2023-06-04_21:54:44
1685904885,2023-06-04_21:54:45
1685904886,2023-06-04_21:54:46
1685904887,2023-06-04_21:54:47
1685904888,2023-06-04_21:54:48
1685904889,2023-06-04_21:54:49
1685904890,2023-06-04_21:54:50
1685904891,2023-06-04_21:54:51
1685904892,2023-06-04_21:54:52
1685904893,2023-06-04_21:54:53
1685904894,2023-06-04_21:54:54
1685904895,2023-06-04_21:54:55
1685904896,2023-06-04_21:54:56
1685904897,2023-06-04_21:54:57
1685904898,2023-06-04_21:54:58
1685904899,2023-06-04_21:54:59
1685904900,2023-06-04_21:55:00
1685904901,2023-06-04_21:55:01
1685904902,2023-06-04_21:55:02
1685904903,2023-06-04_21:55:03
1685904904,2023-06-04_21:55:04
1685904905,2023-06-04_21:55:05
1685904906,2023-06-04_21:55:06
1685904907,2023-06-04_21:55:07
1685904908,2023-06-04_21:55:08
1685904909,2023-06-04_21:55:09
1685904910,2023-06-04_21:55:10
1685904911,2023-06-04_21:55:11
1685904912,2023-06-04_21:55:12
1685904913,2023-06-04_21:55:13
1685904914,2023-06-04_21:55:14
1685904915,2023-06-04_21:55:15
1685904916,2023-06-04_21:55:16
1685904917,2023-06-04_21:55:17
1685904918,2023-06-04_21:55:18
1685904919,2023-06-04_21:55:19
1685904920,2023-06-04_21:55:20
1685904921,2023-06-04_21:55:21
1685904922,2023-06-04_21:55:22
1685904923,2023-06-04_21:55:23
1685904924,2023-06-04_21:55:24
1685904925,2023-06-04_21:55:25
1685904926,2023-06-04_21:55:26
1685904927,2023-06-04_21:55:27
1685904928,2023-06-04_21:55:28
1685904929,2023-06-04_21:55:29
1685904930,2023-06-04_21:55:30
1685904931,2023-06-04_21:55:31
1685904932,2023-06-04_21:55:32
1685904933,2023-06-04_21:55:33
1685904934,2023-06-04_21:55:34
1685904935,2023-06-04_21:55:35
1685904936,2023-06-04_21:55:36
1685904937,2023-06-04_21:55:37
1685904938,2023-06-04_21:55:38
1685904939,2023-06-04_21:55:39
1685904940,2023-06-04_21:55:40
1685904941,2023-06-04_21:55:41
1685904942,2023-06-04_21:55:42
1685904943,2023-06-04_21:55:43
1685904944,2023-06-04_21:55:44
1685904945,2023-06-04_21:55:45
1685904946,2023-06-04_21:55:46
1685904947,2023-06-04_21:55:47
1685904948,2023-06-04_21:55:48
1685904949,2023-06-04_21:55:49
1685904950,2023-06-04_21:55:50
1685904951,2023-06-04_21:55:51
1685904952,2023-06-04_21:55:52
1685904953,2023-06-04_21:55:53
1685904954,2023-06-04_21:55:54
1685904955,2023-06-04_21:55:55
1685904956,2023-06-04_21:55:56
1685904957,2023-06-04_21:55:57
1685904958,2023-06-04_21:55:58
1685904959,2023-06-04_21:55:59
1685904960,2023-06-04_21:56:00
1685904961,2023-06-04_21:56:01
1685904962,2023-06-04_21:56:02
1685904963,2023-06-04_21:56:03
1685904964,2023-06-04_21:56:04
1685904965,2023-06-04_21:56:05
1685904966,2023-06-04_21:56:06
1685904967,2023-06-04_21:56:07
1685904968,2023-06-04_21:56:08
1685904969,2023-06-04_21:56:09
1685904970,2023-06-04_21:56:10
1685904971,2023-06-04_21:56:11
1685904972,2023-06-04_21:56:12
1685904973,2023-06-04_21:56:13
1685904974,2023-06-04_21:56:14
1685904975,2023-06-04_21:56:15
1685904976,2023-06-04_21:56:16
1685904977,2023-06-04_21:56:17
1685904978,2023-06-04_21:56:18
1685904979,2023-06-04_21:56:19
1685904980,2023-06-04_21:56:20
1685904981,2023-06-04_21:56:21
1685904982,2023-06-04_21:56:22
1685904983,2023-06-04_21:56:23
1685904984,2023-06-04_21:56:24
1685904985,2023-06-04_21:56:25
1685904986,2023-06-04_21:56:26
1685904987,2023-06-04_21:56:27
1685904988,2023-06-04_21:56:28
1685904989,2023-06-04_21:56:29
1685904990,2023-06-04_21:56:30
1685904991,2023-06-04_21:56:31
1685904992,2023-06-04_21:56:32
1685904993,2023-06-04_21:56:33
1685904994,2023-06-04_21:56:34
1685904995,2023-06-04_21:56:35
1685904996,2023-06-04_21:56:36
1685904997,2023-06-04_21:56:37
1685904998,2023-06-04_21:56:38
1685904999,2023-06-04_21:56:39
1685905000,2023-06-04_21:56:40
1685905001,2023-06-04_21:56:41
1685905002,2023-06-04_21:56:42
1685905003,2023-06-04_21:56:43
1685905004,2023-06-04_21:56:44
1685905005,2023-06-04_21:56:45
1685905006,2023-06-04_21:56:46
1685905007,2023-06-04_21:56:47
1685905008,2023-06-04_21:56:48
1685905009,2023-06-04_21:56:49
1685905010,2023-06-04_21:56:50
1685905011,2023-06-04_21:56:51
1685905012,2023-06-04_21:56:52
1685905013,2023-06-04_21:56:53
1685905014,2023-06-04_21:56:54
1685905015,2023-06-04_21:56:55
1685905016,2023-06-04_21:56:56
1685905017,2023-06-04_21:56:57
1685905018,2023-06-04_21:56:58
1685905019,2023-06-04_21:56:59
1685905020,2023-06-04_21:57:00
1685905021,2023-06-04_21:57:01
1685905022,2023-06-04_21:57:02
1685905023,2023-06-04_21:57:03
1685905024,2023-06-04_21:57:04
1685905025,2023-06-04_21:57:05
1685905026,2023-06-04_21:57:06
1685905027,2023-06-04_21:57:07
1685905028,2023-06-04_21:57:08
1685905029,2023-06-04_21:57:09
1685905030,2023-06-04_21:57:10
1685905031,2023-06-04_21:57:11
1685905032,2023-06-04_21:57:12
1685905033,2023-06-04_21:57:13
1685905034,2023-06-04_21:57:14
1685905035,2023-06-04_21:57:15
1685905036,2023-06-04_21:57:16
1685905037,2023-06-04_21:57:17
1685905038,2023-06-04_21:57:18
1685905039,2023-06-04_21:57:19
1685905040,2023-06-04_21:57:20
1685905041,2023-06-04_21:57:21
1685905042,2023-06-04_21:57:22
1685905043,2023-06-04_21:57:23
1685905044,2023-06-04_21:57:24
1685905045,2023-06-04_21:57:25
1685905046,2023-06-04_21:57:26
1685905047,2023-06-04_21:57:27
1685905048,2023-06-04_21:57:28
1685905049,2023-06-04_21:57:29
1685905050,2023-06-04_21:57:30
1685905051,2023-06-04_21:57:31
1685905052,2023-06-04_21:57:32
1685905053,2023-06-04_21:57:33
1685905054,2023-06-04_21:57:34
1685905055,2023-06-04_21:57:35
1685905056,2023-06-04_21:57:36
1685905057,2023-06-04_21:57:37
1685905058,2023-06-04_21:57:38
1685905059,2023-06-04_21:57:39
1685905060,2023-06-04_21:57:40
1685905061,2023-06-04_21:57:41
1685905062,2023-06-04_21:57:42
1685905063,2023-06-04_21:57:43
1685905064,2023-06-04_21:57:44
1685905065,2023-06-04_21:57:45
1685905066,2023-06-04_21:57:46
1685905067,2023-06-04_21:57:47
1685905068,2023-06-04_21:57:48
1685905069,2023-06-04_21:57:49
1685905070,2023-06-04_21:57:50
1685905071,2023-06-04_21:57:51
1685905072,2023-06-04_21:57:52
1685905073,2023-06-04_21:57:53
1685905074,2023-06-04_21:57:54
1685905075,2023-06-04_21:57:55
1685905076,2023-06-04_21:57:56
1685905077,2023-06-04_21:57:57
1685905078,2023-06-04_21:57:58
1685905079,2023-06-04_21:57:59
1685905080,2023-06-04_21:58:00
1685905081,2023-06-04_21:58:01
1685905082,2023-06-04_21:58:02
1685905083,2023-06-04_21:58:03
1685905084,2023-06-04_21:58:04
1685905085,2023-06-04_21:58:05
1685905086,2023-06-04_21:58:06
1685905087,2023-06-04_21:58:07
1685905088,2023-06-04_21:58:08
1685905089,2023-06-04_21:58:09
1685905090,2023-06-04_21:58:10
1685905091,2023-06-04_21:58:11
1685905092,2023-06-04_21:58:12
1685905093,2023-06-04_21:58:13
1685905094,2023-06-04_21:58:14
1685905095,2023-06-04_21:58:15
1685905096,2023-06-04_21:58:16
1685905097,2023-06-04_21:58:17
1685905098,2023-06-04_21:58:18
1685905099,2023-06-04_21:58:19
1685905100,2023-06-04_21:58:20
1685905101,2023-06-04_21:58:21
1685905102,2023-06-04_21:58:22
1685905103,2023-06-04_21:58:23
1685905104,2023-06-04_21:58:24
1685905105,2023-06-04_21:58:25
1685905106,2023-06-04_21:58:26
1685905107,2023-06-04_21:58:27
1685905108,2023-06-04_21:58:28
1685905109,2023-06-04_21:58:29
1685905110,2023-06-04_21:58:30
1685905111,2023-06-04_21:58:31
1685905112,2023-06-04_21:58:32
1685905113,2023-06-04_21:58:33
1685905114,2023-06-04_21:58:34
1685905115,2023-06-04_21:58:35
1685905116,2023-06-04_21:58:36
1685905117,2023-06-04_21:58:37
1685905118,2023-06-04_21:58:38
1685905119,2023-06-04_21:58:39
1685905120,2023-06-04_21:58:40
1685905121,2023-06-04_21:58:41
1685905122,2023-06-04_21:58:42
1685905123,2023-06-04_21:58:43
1685905124,2023-06-04_21:58:44
1685905125,2023-06-04_21:58:45
1685905126,2023-06-04_21:58:46
1685905127,2023-06-04_21:58:47
1685905128,2023-06-04_21:58:48
1685905129,2023-06-04_21:58:49
1685905130,2023-06-04_21:58:50
1685905131,2023-06-04_21:58:51
1685905132,2023-06-04_21:58:52
1685905133,2023-06-04_21:58:53
1685905134,2023-06-04_21:58:54
1685905135,2023-06-04_21:58:55
1685905136,2023-06-04_21:58:56
1685905137,2023-06-04_21:58:57
1685905138,2023-06-04_21:58:58
1685905139,2023-06-04_21:58:59
1685905140,2023-06-04_21:59:00
1685905141,2023-06-04_21:59:01
1685905142,2023-06-04_21:59:02
1685905143,2023-06-04_21:59:03
1685905144,2023-06-04_21:59:04
1685905145,2023-06-04_21:59:05
1685905146,2023-06-04_21:59:06
1685905147,2023-06-04_21:59:07
1685905148,2023-06-04_21:59:08
1685905149,2023-06-04_21:59:09
1685905150,2023-06-04_21:59:10
1685905151,2023-06-04_21:59:11
1685905152,2023-06-04_21:59:12
1685905153,2023-06-04_21:59:13
1685905154,2023-06-04_21:59:14
1685905155,2023-06-04_21:59:15
1685905156,2023-06-04_21:59:16
1685905157,2023-06-04_21:59:17
1685905158,2023-06-04_21:59:18
1685905159,2023-06-04_21:59:19
1685905160,2023-06-04_21:59:20
1685905161,2023-06-04_21:59:21
1685905162,2023-06-04_21:59:22
1685905163,2023-06-04_21:59:23
1685905164,2023-06-04_21:59:24
1685905165,2023-06-04_21:59:25
1685905166,2023-06-04_21:59:26
1685905167,2023-06-04_21:59:27
1685905168,2023-06-04_21:59:28
1685905169,2023-06-04_21:59:29
1685905170,2023-06-04_21:59:30
1685905171,2023-06-04_21:59:31
1685905172,2023-06-04_21:59:32
1685905173,2023-06-04_21:59:33
1685905174,2023-06-04_21:59:34
1685905175,2023-06-04_21:59:35
1685905176,2023-06-04_21:59:36
1685905177,2023-06-04_21:59:37
1685905178,2023-06-04_21:59:38
1685905179,2023-06-04_21:59:39
1685905180,2023-06-04_21:59:40
1685905181,2023-06-04_21:59:41
1685905182,2023-06-04_21:59:42
1685905183,2023-06-04_21:59:43
1685905184,2023-06-04_21:59:44
1685905185,2023-06-04_21:59:45
1685905186,2023-06-04_21:59:46
1685905187,2023-06-04_21:59:47
1685905188,2023-06-04_21:59:48
1685905189,2023-06-04_21:59:49
1685905190,2023-06-04_21:59:50
1685905191,2023-06-04_21:59:51
1685905192,2023-06-04_21:59:52
1685905193,2023-06-04_21:59:53
1685905194,2023-06-04_21:59:54
1685905195,2023-06-04_21:59:55
1685905196,2023-06-04_21:59:56
1685905197,2023-06-04_21:59:57
1685905198,2023-06-04_21:59:58
1685905199,2023-06-04_21:59:59
1685905200,2023-06-04_22:00:00
1685905201,2023-06-04_22:00:01
1685905202,2023-06-04_22:00:02
1685905203,2023-06-04_22:00:03
1685905204,2023-06-04_22:00:04
1685905205,2023-06-04_22:00:05
1685905206,2023-06-04_22:00:06
1685905207,2023-06-04_22:00:07
1685905208,2023-06-04_22:00:08
1685905209,2023-06-04_22:00:09
1685905210,2023-06-04_22:00:10
1685905211,2023-06-04_22:00:11
1685905212,2023-06-04_22:00:12
1685905213,2023-06-04_22:00:13
1685905214,2023-06-04_22:00:14
1685905215,2023-06-04_22:00:15
1685905216,2023-06-04_22:00:16
1685905217,2023-06-04_22:00:17
1685905218,2023-06-04_22:00:18
1685905219,2023-06-04_22:00:19
1685905220,2023-06-04_22:00:20
1685905221,2023-06-04_22:00:21
1685905222,2023-06-04_22:00:22
1685905223,2023-06-04_22:00:23
1685905224,2023-06-04_22:00:24
1685905225,2023-06-04_22:00:25
1685905226,2023-06-04_22:00:26
1685905227,2023-06-04_22:00:27
1685905228,2023-06-04_22:00:28
1685905229,2023-06-04_22:00:29
1685905230,2023-06-04_22:00:30
1685905231,2023-06-04_22:00:31
1685905232,2023-06-04_22:00:32
1685905233,2023-06-04_22:00:33
1685905234,2023-06-04_22:00:34
1685905235,2023-06-04_22:00:35
1685905236,2023-06-04_22:00:36
1685905237,2023-06-04_22:00:37
1685905238,2023-06-04_22:00:38
1685905239,2023-06-04_22:00:39
1685905240,2023-06-04_22:00:40
1685905241,2023-06-04_22:00:41
1685905242,2023-06-04_22:00:42
1685905243,2023-06-04_22:00:43
1685905244,2023-06-04_22:00:44
1685905245,2023-06-04_22:00:45
1685905246,2023-06-04_22:00:46
1685905247,2023-06-04_22:00:47
1685905248,2023-06-04_22:00:48
1685905249,2023-06-04_22:00:49
1685905250,2023-06-04_22:00:50
1685905251,2023-06-04_22:00:51
1685905252,2023-06-04_22:00:52
1685905253,2023-06-04_22:00:53
1685905254,2023-06-04_22:00:54
1685905255,2023-06-04_22:00:55
1685905256,2023-06-04_22:00:56
1685905257,2023-06-04_22:00:57
1685905258,2023-06-04_22:00:58
1685905259,2023-06-04_22:00:59
1685905260,2023-06-04_22:01:00
1685905261,2023-06-04_22:01:01
1685905262,2023-06-04_22:01:02
1685905263,2023-06-04_22:01:03
1685905264,2023-06-04_22:01:04
1685905265,2023-06-04_22:01:05
1685905266,2023-06-04_22:01:06
1685905267,2023-06-04_22:01:07
1685905268,2023-06-04_22:01:08
1685905269,2023-06-04_22:01:09
1685905270,2023-06-04_22:01:10
1685905271,2023-06-04_22:01:11
1685905272,2023-06-04_22:01:12
1685905273,2023-06-04_22:01:13
1685905274,2023-06-04_22:01:14
1685905275,2023-06-04_22:01:15
1685905276,2023-06-04_22:01:16
1685905277,2023-06-04_22:01:17
1685905278,2023-06-04_22:01:18
1685905279,2023-06-04_22:01:19
1685905280,2023-06-04_22:01:20
1685905281,2023-06-04_22:01:21
1685905282,2023-06-04_22:01:22
1685905283,2023-06-04_22:01:23
1685905284,2023-06-04_22:01:24
1685905285,2023-06-04_22:01:25
1685905286,2023-06-04_22:01:26
1685905287,2023-06-04_22:01:27
1685905288,2023-06-04_22:01:28
1685905289,2023-06-04_22:01:29
1685905290,2023-06-04_22:01:30
1685905291,2023-06-04_22:01:31
1685905292,2023-06-04_22:01:32
1685905293,2023-06-04_22:01:33
1685905294,2023-06-04_22:01:34
1685905295,2023-06-04_22:01:35
1685905296,2023-06-04_22:01:36
1685905297,2023-06-04_22:01:37
1685905298,2023-06-04_22:01:38
1685905299,2023-06-04_22:01:39
1685905300,2023-06-04_22:01:40
1685905301,2023-06-04_22:01:41
1685905302,2023-06-04_22:01:42
1685905303,2023-06-04_22:01:43
1685905304,2023-06-04_22:01:44
1685905305,2023-06-04_22:01:45
1685905306,2023-06-04_22:01:46
1685905307,2023-06-04_22:01:47
1685905308,2023-06-04_22:01:48
1685905309,2023-06-04_22:01:49
1685905310,2023-06-04_22:01:50
1685905311,2023-06-04_22:01:51
1685905312,2023-06-04_22:01:52
1685905313,2023-06-04_22:01:53
1685905314,2023-06-04_22:01:54
1685905315,2023-06-04_22:01:55
1685905316,2023-06-04_22:01:56
1685905317,2023-06-04_22:01:57
1685905318,2023-06-04_22:01:58
1685905319,2023-06-04_22:01:59
1685905320,2023-06-04_22:02:00
1685905321,2023-06-04_22:02:01
1685905322,2023-06-04_22:02:02
1685905323,2023-06-04_22:02:03
1685905324,2023-06-04_22:02:04
1685905325,2023-06-04_22:02:05
1685905326,2023-06-04_22:02:06
1685905327,2023-06-04_22:02:07
1685905328,2023-06-04_22:02:08
1685905329,2023-06-04_22:02:09
1685905330,2023-06-04_22:02:10
1685905331,2023-06-04_22:02:11
1685905332,2023-06-04_22:02:12
1685905333,2023-06-04_22:02:13
1685905334,2023-06-04_22:02:14
1685905335,2023-06-04_22:02:15
1685905336,2023-06-04_22:02:16
1685905337,2023-06-04_22:02:17
1685905338,2023-06-04_22:02:18
1685905339,2023-06-04_22:02:19
1685905340,2023-06-04_22:02:20
1685905341,2023-06-04_22:02:21
1685905342,2023-06-04_22:02:22
1685905343,2023-06-04_22:02:23
1685905344,2023-06-04_22:02:24
1685905345,2023-06-04_22:02:25
1685905346,2023-06-04_22:02:26
1685905347,2023-06-04_22:02:27
1685905348,2023-06-04_22:02:28
1685905349,2023-06-04_22:02:29
1685905350,2023-06-04_22:02:30
1685905351,2023-06-04_22:02:31
1685905352,2023-06-04_22:02:32
1685905353,2023-06-04_22:02:33
1685905354,2023-06-04_22:02:34
1685905355,2023-06-04_22:02:35
1685905356,2023-06-04_22:02:36
1685905357,2023-06-04_22:02:37
1685905358,2023-06-04_22:02:38
1685905359,2023-06-04_22:02:39
1685905360,2023-06-04_22:02:40
1685905361,2023-06-04_22:02:41
1685905362,2023-06-04_22:02:42
1685905363,2023-06-04_22:02:43
1685905364,2023-06-04_22:02:44
1685905365,2023-06-04_22:02:45
1685905366,2023-06-04_22:02:46
1685905367,2023-06-04_22:02:47
1685905368,2023-06-04_22:02:48
1685905369,2023-06-04_22:02:49
1685905370,2023-06-04_22:02:50
1685905371,2023-06-04_22:02:51
1685905372,2023-06-04_22:02:52
1685905373,2023-06-04_22:02:53
1685905374,2023-06-04_22:02:54
1685905375,2023-06-04_22:02:55
1685905376,2023-06-04_22:02:56
1685905377,2023-06-04_22:02:57
1685905378,2023-06-04_22:02:58
1685905379,2023-06-04_22:02:59
1685905380,2023-06-04_22:03:00
1685905381,2023-06-04_22:03:01
1685905382,2023-06-04_22:03:02
1685905383,2023-06-04_22:03:03
1685905384,2023-06-04_22:03:04
1685905385,2023-06-04_22:03:05
1685905386,2023-06-04_22:03:06
1685905387,2023-06-04_22:03:07
1685905388,2023-06-04_22:03:08
1685905389,2023-06-04_22:03:09
1685905390,2023-06-04_22:03:10
1685905391,2023-06-04_22:03:11
1685905392,2023-06-04_22:03:12
1685905393,2023-06-04_22:03:13
1685905394,2023-06-04_22:03:14
1685905395,2023-06-04_22:03:15
1685905396,2023-06-04_22:03:16
1685905397,2023-06-04_22:03:17
1685905398,2023-06-04_22:03:18
1685905399,2023-06-04_22:03:19
1685905400,2023-06-04_22:03:20
1685905401,2023-06-04_22:03:21
1685905402,2023-06-04_22:03:22
1685905403,2023-06-04_22:03:23
1685905404,2023-06-04_22:03:24
1685905405,2023-06-04_22:03:25
1685905406,2023-06-04_22:03:26
1685905407,2023-06-04_22:03:27
1685905408,2023-06-04_22:03:28
1685905409,2023-06-04_22:03:29
1685905410,2023-06-04_22:03:30
1685905411,2023-06-04_22:03:31
1685905412,2023-06-04_22:03:32
1685905413,2023-06-04_22:03:33
1685905414,2023-06-04_22:03:34
1685905415,2023-06-04_22:03:35
1685905416,2023-06-04_22:03:36
1685905417,2023-06-04_22:03:37
1685905418,2023-06-04_22:03:38
1685905419,2023-06-04_22:03:39
1685905420,2023-06-04_22:03:40
1685905421,2023-06-04_22:03:41
1685905422,2023-06-04_22:03:42
1685905423,2023-06-04_22:03:43
1685905424,2023-06-04_22:03:44
1685905425,2023-06-04_22:03:45
1685905426,2023-06-04_22:03:46
1685905427,2023-06-04_22:03:47
1685905428,2023-06-04_22:03:48
1685905429,2023-06-04_22:03:49
1685905430,2023-06-04_22:03:50
1685905431,2023-06-04_22:03:51
1685905432,2023-06-04_22:03:52
1685905433,2023-06-04_22:03:53
1685905434,2023-06-04_22:03:54
1685905435,2023-06-04_22:03:55
1685905436,2023-06-04_22:03:56
1685905437,2023-06-04_22:03:57
1685905438,2023-06-04_22:03:58
1685905439,2023-06-04_22:03:59
1685905440,2023-06-04_22:04:00
1685905441,2023-06-04_22:04:01
1685905442,2023-06-04_22:04:02
1685905443,2023-06-04_22:04:03
1685905444,2023-06-04_22:04:04
1685905445,2023-06-04_22:04:05
1685905446,2023-06-04_22:04:06
1685905447,2023-06-04_22:04:07
1685905448,2023-06-04_22:04:08
1685905449,2023-06-04_22:04:09
1685905450,2023-06-04_22:04:10
1685905451,2023-06-04_22:04:11
1685905452,2023-06-04_22:04:12
1685905453,2023-06-04_22:04:13
1685905454,2023-06-04_22:04:14
1685905455,2023-06-04_22:04:15
1685905456,2023-06-04_22:04:16
1685905457,2023-06-04_22:04:17
1685905458,2023-06-04_22:04:18
1685905459,2023-06-04_22:04:19
1685905460,2023-06-04_22:04:20
1685905461,2023-06-04_22:04:21
1685905462,2023-06-04_22:04:22
1685905463,2023-06-04_22:04:23
1685905464,2023-06-04_22:04:24
1685905465,2023-06-04_22:04:25
1685905466,2023-06-04_22:04:26
1685905467,2023-06-04_22:04:27
1685905468,2023-06-04_22:04:28
1685905469,2023-06-04_22:04:29
1685905470,2023-06-04_22:04:30
1685905471,2023-06-04_22:04:31
1685905472,2023-06-04_22:04:32
1685905473,2023-06-04_22:04:33
1685905474,2023-06-04_22:04:34
1685905475,2023-06-04_22:04:35
1685905476,2023-06-04_22:04:36
1685905477,2023-06-04_22:04:37
1685905478,2023-06-04_22:04:38
1685905479,2023-06-04_22:04:39
1685905480,2023-06-04_22:04:40
1685905481,2023-06-04_22:04:41
1685905482,2023-06-04_22:04:42
1685905483,2023-06-04_22:04:43
1685905484,2023-06-04_22:04:44
1685905485,2023-06-04_22:04:45
1685905486,2023-06-04_22:04:46
1685905487,2023-06-04_22:04:47
1685905488,2023-06-04_22:04:48
1685905489,2023-06-04_22:04:49
1685905490,2023-06-04_22:04:50
1685905491,2023-06-04_22:04:51
1685905492,2023-06-04_22:04:52
1685905493,2023-06-04_22:04:53
1685905494,2023-06-04_22:04:54
1685905495,2023-06-04_22:04:55
1685905496,2023-06-04_22:04:56
1685905497,2023-06-04_22:04:57
1685905498,2023-06-04_22:04:58
1685905499,2023-06-04_22:04:59
1685905500,2023-06-04_22:05:00
1685905501,2023-06-04_22:05:01
1685905502,2023-06-04_22:05:02
1685905503,2023-06-04_22:05:03
1685905504,2023-06-04_22:05:04
1685905505,2023-06-04_22:05:05
1685905506,2023-06-04_22:05:06
1685905507,2023-06-04_22:05:07
1685905508,2023-06-04_22:05:08
1685905509,2023-06-04_22:05:09
1685905510,2023-06-04_22:05:10
1685905511,2023-06-04_22:05:11
1685905512,2023-06-04_22:05:12
1685905513,2023-06-04_22:05:13
1685905514,2023-06-04_22:05:14
1685905515,2023-06-04_22:05:15
1685905516,2023-06-04_22:05:16
1685905517,2023-06-04_22:05:17
1685905518,2023-06-04_22:05:18
1685905519,2023-06-04_22:05:19
1685905520,2023-06-04_22:05:20
1685905521,2023-06-04_22:05:21
1685905522,2023-06-04_22:05:22
1685905523,2023-06-04_22:05:23
1685905524,2023-06-04_22:05:24
1685905525,2023-06-04_22:05:25
1685905526,2023-06-04_22:05:26
1685905527,2023-06-04_22:05:27
1685905528,2023-06-04_22:05:28
1685905529,2023-06-04_22:05:29
1685905530,2023-06-04_22:05:30
1685905531,2023-06-04_22:05:31
1685905532,2023-06-04_22:05:32
1685905533,2023-06-04_22:05:33
1685905534,2023-06-04_22:05:34
1685905535,2023-06-04_22:05:35
1685905536,2023-06-04_22:05:36
1685905537,2023-06-04_22:05:37
1685905538,2023-06-04_22:05:38
1685905539,2023-06-04_22:05:39
1685905540,2023-06-04_22:05:40
1685905541,2023-06-04_22:05:41
1685905542,2023-06-04_22:05:42
1685905543,2023-06-04_22:05:43
1685905544,2023-06-04_22:05:44
1685905545,2023-06-04_22:05:45
1685905546,2023-06-04_22:05:46
1685905547,2023-06-04_22:05:47
1685905548,2023-06-04_22:05:48
1685905549,2023-06-04_22:05:49
1685905550,2023-06-04_22:05:50
1685905551,2023-06-04_22:05:51
1685905552,2023-06-04_22:05:52
1685905553,2023-06-04_22:05:53
1685905554,2023-06-04_22:05:54
1685905555,2023-06-04_22:05:55
1685905556,2023-06-04_22:05:56
1685905557,2023-06-04_22:05:57
1685905558,2023-06-04_22:05:58
1685905559,2023-06-04_22:05:59
1685905560,2023-06-04_22:06:00
1685905561,2023-06-04_22:06:01
1685905562,2023-06-04_22:06:02
1685905563,2023-06-04_22:06:03
1685905564,2023-06-04_22:06:04
1685905565,2023-06-04_22:06:05
1685905566,2023-06-04_22:06:06
1685905567,2023-06-04_22:06:07
1685905568,2023-06-04_22:06:08
1685905569,2023-06-04_22:06:09
1685905570,2023-06-04_22:06:10
1685905571,2023-06-04_22:06:11
1685905572,2023-06-04_22:06:12
1685905573,2023-06-04_22:06:13
1685905574,2023-06-04_22:06:14
1685905575,2023-06-04_22:06:15
1685905576,2023-06-04_22:06:16
1685905577,2023-06-04_22:06:17
1685905578,2023-06-04_22:06:18
1685905579,2023-06-04_22:06:19
1685905580,2023-06-04_22:06:20
1685905581,2023-06-04_22:06:21
1685905582,2023-06-04_22:06:22
1685905583,2023-06-04_22:06:23
1685905584,2023-06-04_22:06:24
1685905585,2023-06-04_22:06:25
1685905586,2023-06-04_22:06:26
1685905587,2023-06-04_22:06:27
1685905588,2023-06-04_22:06:28
1685905589,2023-06-04_22:06:29
1685905590,2023-06-04_22:06:30
1685905591,2023-06-04_22:06:31
1685905592,2023-06-04_22:06:32
1685905593,2023-06-04_22:06:33
1685905594,2023-06-04_22:06:34
1685905595,2023-06-04_22:06:35
1685905596,2023-06-04_22:06:36
1685905597,2023-06-04_22:06:37
1685905598,2023-06-04_22:06:38
1685905599,2023-06-04_22:06:39
1685905600,2023-06-04_22:06:40
1685905601,2023-06-04_22:06:41
1685905602,2023-06-04_22:06:42
1685905603,2023-06-04_22:06:43
1685905604,2023-06-04_22:06:44
1685905605,2023-06-04_22:06:45
1685905606,2023-06-04_22:06:46
1685905607,2023-06-04_22:06:47
1685905608,2023-06-04_22:06:48
1685905609,2023-06-04_22:06:49
1685905610,2023-06-04_22:06:50
1685905611,2023-06-04_22:06:51
1685905612,2023-06-04_22:06:52
1685905613,2023-06-04_22:06:53
1685905614,2023-06-04_22:06:54
1685905615,2023-06-04_22:06:55
1685905616,2023-06-04_22:06:56
1685905617,2023-06-04_22:06:57
1685905618,2023-06-04_22:06:58
1685905619,2023-06-04_22:06:59
1685905620,2023-06-04_22:07:00
1685905621,2023-06-04_22:07:01
1685905622,2023-06-04_22:07:02
1685905623,2023-06-04_22:07:03
1685905624,2023-06-04_22:07:04
1685905625,2023-06-04_22:07:05
1685905626,2023-06-04_22:07:06
1685905627,2023-06-04_22:07:07
1685905628,2023-06-04_22:07:08
1685905629,2023-06-04_22:07:09
1685905630,2023-06-04_22:07:10
1685905631,2023-06-04_22:07:11
1685905632,2023-06-04_22:07:12
1685905633,2023-06-04_22:07:13
1685905634,2023-06-04_22:07:14
1685905635,2023-06-04_22:07:15
1685905636,2023-06-04_22:07:16
1685905637,2023-06-04_22:07:17
1685905638,2023-06-04_22:07:18
1685905639,2023-06-04_22:07:19
1685905640,2023-06-04_22:07:20
1685905641,2023-06-04_22:07:21
1685905642,2023-06-04_22:07:22
1685905643,2023-06-04_22:07:23
1685905644,2023-06-04_22:07:24
1685905645,2023-06-04_22:07:25
1685905646,2023-06-04_22:07:26
1685905647,2023-06-04_22:07:27
1685905648,2023-06-04_22:07:28
1685905649,2023-06-04_22:07:29
1685905650,2023-06-04_22:07:30
1685905651,2023-06-04_22:07:31
1685905652,2023-06-04_22:07:32
1685905653,2023-06-04_22:07:33
1685905654,2023-06-04_22:07:34
1685905655,2023-06-04_22:07:35
1685905656,2023-06-04_22:07:36
1685905657,2023-06-04_22:07:37
1685905658,2023-06-04_22:07:38
1685905659,2023-06-04_22:07:39
1685905660,2023-06-04_22:07:40
1685905661,2023-06-04_22:07:41
1685905662,2023-06-04_22:07:42
1685905663,2023-06-04_22:07:43
1685905664,2023-06-04_22:07:44
1685905665,2023-06-04_22:07:45
1685905666,2023-06-04_22:07:46
1685905667,2023-06-04_22:07:47
1685905668,2023-06-04_22:07:48
1685905669,2023-06-04_22:07:49
1685905670,2023-06-04_22:07:50
1685905671,2023-06-04_22:07:51
1685905672,2023-06-04_22:07:52
1685905673,2023-06-04_22:07:53
1685905674,2023-06-04_22:07:54
1685905675,2023-06-04_22:07:55
1685905676,2023-06-04_22:07:56
1685905677,2023-06-04_22:07:57
1685905678,2023-06-04_22:07:58
1685905679,2023-06-04_22:07:59
1685905680,2023-06-04_22:08:00
1685905681,2023-06-04_22:08:01
1685905682,2023-06-04_22:08:02
1685905683,2023-06-04_22:08:03
1685905684,2023-06-04_22:08:04
1685905685,2023-06-04_22:08:05
1685905686,2023-06-04_22:08:06
1685905687,2023-06-04_22:08:07
1685905688,2023-06-04_22:08:08
1685905689,2023-06-04_22:08:09
1685905690,2023-06-04_22:08:10
1685905691,2023-06-04_22:08:11
1685905692,2023-06-04_22:08:12
1685905693,2023-06-04_22:08:13
1685905694,2023-06-04_22:08:14
1685905695,2023-06-04_22:08:15
1685905696,2023-06-04_22:08:16
1685905697,2023-06-04_22:08:17
1685905698,2023-06-04_22:08:18
1685905699,2023-06-04_22:08:19
1685905700,2023-06-04_22:08:20
1685905701,2023-06-04_22:08:21
1685905702,2023-06-04_22:08:22
1685905703,2023-06-04_22:08:23
1685905704,2023-06-04_22:08:24
1685905705,2023-06-04_22:08:25
1685905706,2023-06-04_22:08:26
1685905707,2023-06-04_22:08:27
1685905708,2023-06-04_22:08:28
1685905709,2023-06-04_22:08:29
1685905710,2023-06-04_22:08:30
1685905711,2023-06-04_22:08:31
1685905712,2023-06-04_22:08:32
1685905713,2023-06-04_22:08:33